{
  "temperature": 0.28054744005203247,
  "val_bce": 0.41950953006744385,
  "max_iter": 120
}