name,the_score,num_pairs,h0_pairs,h1_pairs
01_test.png,0.01381674,1045,395,650
02_test.png,0.01240623,1035,378,657
03_test.png,0.01300441,1045,393,652
